<?xml version="1.0" encoding="utf-8" ?>
<Defs>
    <ThingDef Name="RTN_ThingBase_Apparel" Abstract="True">
        <thingClass>RimGoddess.Equipment.TransformApparel</thingClass>
		    <techLevel>Ultra</techLevel>
        <category>Item</category>
        <selectable>True</selectable>
        <pathCost>10</pathCost>
        <useHitPoints>True</useHitPoints>
        <graphicData>
          <onGroundRandomRotateAngle>35</onGroundRandomRotateAngle>
        </graphicData>
        <drawGUIOverlay>true</drawGUIOverlay>
        <statBases>
          <MaxHitPoints>100</MaxHitPoints>
          <Flammability>1.0</Flammability>
          <DeteriorationRate>2</DeteriorationRate>
	    		<Beauty>-3</Beauty>
	    	</statBases>
        <altitudeLayer>Item</altitudeLayer>
        <alwaysHaulable>True</alwaysHaulable>
        <tickerType>Never</tickerType>
        <tradeability>Sellable</tradeability>
        <apparel>
          <tags>
            <li>RimGoddessApparel</li>
          </tags>
        </apparel>
        <comps>
          <li Class="CompProperties_Forbiddable"/>
          <li>
            <compClass>CompQuality</compClass>
          </li>
        </comps>
    </ThingDef>

    <ThingDef Name="RTN_ThingBase_TetherApparel" ParentName="RTN_ThingBase_Apparel" Abstract="True">
      <thingClass>RimGoddess.Equipment.TetherApparel</thingClass>
    </ThingDef>

    <ThingDef Name="RTN_ThingBase_ApparelMakeable" ParentName="RTN_ThingBase_Apparel" Abstract="True">
        <recipeMaker>
          <researchPrerequisite>RTN_ResearchProject_ApparelCrafting</researchPrerequisite>
          <workSpeedStat>GeneralLaborSpeed</workSpeedStat>
          <workSkill>Crafting</workSkill>
          <effectWorking>Tailor</effectWorking>
          <soundWorking>Recipe_Tailor</soundWorking>
          <recipeUsers>
            <li>ElectricTailoringBench</li>
            <li>HandTailoringBench</li>
          </recipeUsers>
          <unfinishedThingDef>UnfinishedApparel</unfinishedThingDef>
          <defaultIngredientFilter>
            <categories>
              <li>Root</li>
            </categories>
            <disallowedThingDefs>
              <li>Gold</li>
              <li>Silver</li>
              <li>Plasteel</li>
              <li>Jade</li>
              <li>Uranium</li>
            </disallowedThingDefs>
          </defaultIngredientFilter>
        </recipeMaker>
        <thingCategories>
          <li>Apparel</li>
        </thingCategories>
    </ThingDef>

    <ThingDef Name="RTN_ThingBase_TetherApparelMakeable" ParentName="RTN_ThingBase_TetherApparel" Abstract="True">
        <recipeMaker>
          <researchPrerequisite>RTN_ResearchProject_ApparelCrafting</researchPrerequisite>
          <workSpeedStat>GeneralLaborSpeed</workSpeedStat>
          <workSkill>Crafting</workSkill>
          <effectWorking>Tailor</effectWorking>
          <soundWorking>Recipe_Tailor</soundWorking>
          <recipeUsers>
            <li>FabricationBench</li>
          </recipeUsers>
          <unfinishedThingDef>UnfinishedTechArmor</unfinishedThingDef>
        </recipeMaker>
        <thingCategories>
          <li>Apparel</li>
        </thingCategories>
    </ThingDef>
</Defs>