<?xml version="1.0" encoding="utf-8" ?>
<Defs>
    <ThingDef ParentName="RTN_ThingBase_ApparelMakeable">
        <defName>RTN_Thing_Stola</defName>
        <thingClass>RimGoddess.Equipment.Tunica</thingClass>
        <label>stola</label>
        <description>An ancient piece of clothing.</description>
        <graphicData>
            <texPath>Things/Apparel/Stola/Stola</texPath>
            <shaderType>CutoutComplex</shaderType>
            <graphicClass>Graphic_Single</graphicClass>
        </graphicData>
        <costList>
            <Cloth>100</Cloth>
            <DevilstrandCloth>50</DevilstrandCloth>
            <RTN_Thing_FaithCrystal>1</RTN_Thing_FaithCrystal>
        </costList>
        <statBases>
            <MaxHitPoints>250</MaxHitPoints>
            <WorkToMake>25000</WorkToMake>
            <Mass>0.5</Mass>
            <Flammability>0.6</Flammability>
            <ArmorRating_Sharp>0.37</ArmorRating_Sharp>
            <ArmorRating_Blunt>0.35</ArmorRating_Blunt>
            <ArmorRating_Heat>0.32</ArmorRating_Heat>
            <Insulation_Cold>1</Insulation_Cold>
            <EquipDelay>1.5</EquipDelay>
        </statBases>
        <apparel>
            <defaultOutfitTags>
                <li>RimGoddessRoman</li>
            </defaultOutfitTags>
            <bodyPartGroups>
                <li>Torso</li>
                <li>Legs</li>
            </bodyPartGroups>
            <wornGraphicPath>Things/Apparel/Stola/Stola</wornGraphicPath>
            <layers>
                <li>OnSkin</li>
            </layers>
        </apparel>
    </ThingDef>

    <ThingDef ParentName="RTN_ThingBase_Apparel">
        <defName>RTN_Thing_Tunica</defName>
        <thingClass>RimGoddess.Equipment.Tunica</thingClass>
        <label>tunica</label>
        <description>The transformed form of the stola, it provides protection from attacks and enhances the abilities of the Goddess.</description>
        <tickerType>Normal</tickerType>
        <graphicData>
            <texPath>Things/Apparel/Tunica/Tunica</texPath>
            <shaderType>CutoutComplex</shaderType>
            <graphicClass>Graphic_Single</graphicClass>
        </graphicData>
        <statBases>
            <MaxHitPoints>250</MaxHitPoints>
            <WorkToMake>1800</WorkToMake>
            <Mass>0.5</Mass>
            <Flammability>0.4</Flammability>
            <ArmorRating_Sharp>0.47</ArmorRating_Sharp>
            <ArmorRating_Blunt>0.45</ArmorRating_Blunt>
            <ArmorRating_Heat>0.33</ArmorRating_Heat>
            <Insulation_Cold>1</Insulation_Cold>
            <EquipDelay>1.5</EquipDelay>
        </statBases>
        <apparel>
            <defaultOutfitTags>
                <li>RimGoddessRoman</li>
            </defaultOutfitTags>
            <bodyPartGroups>
                <li>Shoulders</li>
                <li>Torso</li>
                <li>Legs</li>
            </bodyPartGroups>
            <wornGraphicPath>Things/Apparel/Tunica/Tunica</wornGraphicPath>
            <layers>
                <li>OnSkin</li>
            </layers>
        </apparel>
    </ThingDef>
</Defs>